829,7,2024-12-09,Nullam varius.,84820946
1402,0,2024-08-13,"Aliquam augue quam, sollicitudin vitae, consectetuer eget, rutrum at, lorem.",434009730
4851,7,2025-03-15,Phasellus in felis.,930887317
3050,9,2024-07-09,In congue.,882228542
9950,5,2025-02-08,Nullam molestie nibh in lectus.,659240869
6009,3,2024-08-04,"Maecenas tristique, est et tempus semper, est quam pharetra magna, ac consequat metus sapien ut nunc.",691477134
8421,5,2024-09-18,"Integer aliquet, massa id lobortis convallis, tortor risus dapibus augue, vel accumsan tellus nisi eu orci.",952589429
6588,9,2024-06-22,Pellentesque at nulla.,465764930
3605,0,2025-03-23,Donec vitae nisi.,330672233
4820,6,2024-09-25,"Lorem ipsum dolor sit amet, consectetuer adipiscing elit.",257234494
4576,8,2024-06-03,Phasellus id sapien in sapien iaculis congue.,328039849
9171,9,2025-02-24,"In tempor, turpis nec euismod scelerisque, quam turpis adipiscing lorem, vitae mattis nibh ligula nec sem.",613210106
8308,4,2024-11-19,Aliquam non mauris.,695142142
558,3,2024-09-02,Suspendisse accumsan tortor quis turpis.,884080589
5668,6,2024-12-02,"Aliquam augue quam, sollicitudin vitae, consectetuer eget, rutrum at, lorem.",687679682
1938,6,2025-01-12,Sed sagittis.,464407901
7262,7,2024-09-24,Curabitur in libero ut massa volutpat convallis.,289138827
1851,1,2024-08-11,Nulla ut erat id mauris vulputate elementum.,150054806
4770,8,2025-01-05,"Integer pede justo, lacinia eget, tincidunt eget, tempus vel, pede.",724646238
9268,6,2024-07-14,Vestibulum rutrum rutrum neque.,40152650
9217,4,2025-03-03,Nulla nisl.,682967665
6918,3,2024-10-04,Aliquam erat volutpat.,982841214
4151,4,2024-12-31,Etiam vel augue.,319456434
1058,2,2024-06-30,Vestibulum ante ipsum primis in faucibus orci luctus et ultrices posuere cubilia Curae; Mauris viverra diam vitae quam.,617470874
4272,1,2024-06-30,Duis consequat dui nec nisi volutpat eleifend.,969909647
5783,3,2024-08-24,Etiam faucibus cursus urna.,474299922
1162,8,2025-01-25,Vivamus vestibulum sagittis sapien.,67452271
7077,7,2024-10-28,Nulla facilisi.,801126689
7478,3,2025-03-28,Nullam porttitor lacus at turpis.,872650859
4137,5,2024-10-09,"Nulla neque libero, convallis eget, eleifend luctus, ultricies eu, nibh.",343101544
1806,8,2024-11-05,Donec posuere metus vitae ipsum.,729630217
3449,7,2025-01-01,Vivamus vel nulla eget eros elementum pellentesque.,592380155
2355,3,2024-10-01,Pellentesque ultrices mattis odio.,45223254
6122,5,2024-05-20,Pellentesque ultrices mattis odio.,292410095
1989,2,2024-12-22,Aenean lectus.,122981462
1907,8,2025-01-21,In eleifend quam a odio.,513456250
3494,3,2024-04-30,Sed accumsan felis.,700495609
9603,8,2024-11-13,Ut tellus.,339730126
2732,4,2024-07-31,"Nulla neque libero, convallis eget, eleifend luctus, ultricies eu, nibh.",642868071
4020,5,2025-03-10,Mauris lacinia sapien quis libero.,941286535
4470,0,2024-07-18,Cras pellentesque volutpat dui.,797403574
3977,9,2025-01-25,"Aliquam augue quam, sollicitudin vitae, consectetuer eget, rutrum at, lorem.",357549787
7973,6,2025-02-04,Curabitur at ipsum ac tellus semper interdum.,197440655
208,5,2024-12-30,Etiam faucibus cursus urna.,593031274
9471,2,2024-07-24,Nulla mollis molestie lorem.,308371321
7718,3,2024-12-04,Nulla nisl.,844834131
1177,1,2024-07-13,Morbi non quam nec dui luctus rutrum.,694158228
7702,1,2025-01-21,Curabitur convallis.,76694404
4445,3,2024-05-06,Morbi ut odio.,546881495
2988,3,2024-08-30,Morbi quis tortor id nulla ultrices aliquet.,683876612
9965,0,2024-12-18,Maecenas rhoncus aliquam lacus.,164848431
6664,5,2025-02-08,Integer a nibh.,703647038
1924,5,2024-06-27,In eleifend quam a odio.,755196569
8668,0,2024-10-05,"Maecenas tristique, est et tempus semper, est quam pharetra magna, ac consequat metus sapien ut nunc.",764912404
5559,3,2024-08-26,Nulla ac enim.,648068507
6090,2,2024-04-10,Cras pellentesque volutpat dui.,876557311
3662,6,2025-02-19,"Fusce lacus purus, aliquet at, feugiat non, pretium quis, lectus.",8743285
8014,5,2024-07-20,Vestibulum ante ipsum primis in faucibus orci luctus et ultrices posuere cubilia Curae; Nulla dapibus dolor vel est.,216171954
7044,3,2024-08-18,Integer a nibh.,56340566
2685,1,2024-06-15,Etiam justo.,506541962
9644,1,2025-01-26,"In est risus, auctor sed, tristique in, tempus sit amet, sem.",110669694
7138,6,2024-05-31,Curabitur convallis.,372900311
6547,8,2025-03-24,"Lorem ipsum dolor sit amet, consectetuer adipiscing elit.",764146782
4944,9,2024-08-17,Phasellus id sapien in sapien iaculis congue.,626724717
6254,1,2024-08-30,Duis consequat dui nec nisi volutpat eleifend.,435018151
2167,1,2024-08-25,"Quisque erat eros, viverra eget, congue eget, semper rutrum, nulla.",3720065
2590,0,2024-11-23,Duis mattis egestas metus.,358708601
3546,4,2024-12-16,Proin interdum mauris non ligula pellentesque ultrices.,305541802
2280,2,2024-10-17,"Lorem ipsum dolor sit amet, consectetuer adipiscing elit.",684680587
2823,4,2024-05-23,Nam nulla.,882088475
5806,5,2025-03-08,Mauris lacinia sapien quis libero.,727246539
293,3,2024-08-19,Vestibulum sed magna at nunc commodo placerat.,859805848
6480,0,2025-01-27,Morbi non lectus.,886189168
5611,9,2024-09-20,"Quisque arcu libero, rutrum ac, lobortis vel, dapibus at, diam.",853224340
258,5,2024-05-19,Suspendisse potenti.,548682858
9083,6,2024-05-08,Proin at turpis a pede posuere nonummy.,38047456
1147,0,2024-09-15,"Fusce congue, diam id ornare imperdiet, sapien urna pretium nisl, ut volutpat sapien arcu sed augue.",125197446
9653,8,2024-06-22,Etiam vel augue.,677295381
5193,6,2025-01-03,Donec posuere metus vitae ipsum.,37751157
2263,3,2024-05-04,In eleifend quam a odio.,410689994
7889,8,2024-07-15,"Maecenas tristique, est et tempus semper, est quam pharetra magna, ac consequat metus sapien ut nunc.",529763136
883,5,2024-04-08,Phasellus sit amet erat.,536757088
9005,8,2025-01-17,Praesent id massa id nisl venenatis lacinia.,837266762
6627,9,2024-07-26,Praesent id massa id nisl venenatis lacinia.,987520875
341,9,2025-02-16,Cras non velit nec nisi vulputate nonummy.,234292934
1951,9,2024-05-21,Proin interdum mauris non ligula pellentesque ultrices.,860002350
1876,0,2024-05-19,In blandit ultrices enim.,592142730
6617,8,2024-12-09,Mauris sit amet eros.,483083830
7418,8,2024-05-06,Nulla justo.,803567889
3105,8,2024-07-12,Praesent lectus.,261071633
7413,9,2024-05-04,Aliquam erat volutpat.,990917615
3383,2,2024-04-11,Aliquam quis turpis eget elit sodales scelerisque.,370922806
3298,1,2025-01-29,Morbi vel lectus in quam fringilla rhoncus.,879745965
9420,0,2024-08-13,Donec ut dolor.,712168405
1708,2,2025-01-12,"Vivamus metus arcu, adipiscing molestie, hendrerit at, vulputate vitae, nisl.",573803178
4931,2,2024-05-28,Nulla tempus.,914537234
4707,4,2024-07-05,Morbi vel lectus in quam fringilla rhoncus.,585225071
6897,0,2024-04-20,Sed ante.,565841124
760,5,2024-09-18,Vestibulum ante ipsum primis in faucibus orci luctus et ultrices posuere cubilia Curae; Duis faucibus accumsan odio.,955546707
2299,2,2024-09-03,Vestibulum ac est lacinia nisi venenatis tristique.,348924180
9099,8,2024-07-25,Curabitur convallis.,352102297
969,6,2024-10-17,Nam nulla.,924671760
9404,8,2024-05-26,Aliquam erat volutpat.,319211498
4249,3,2024-05-06,Nulla nisl.,899162154
4236,7,2024-12-24,Morbi non lectus.,434942028
1016,4,2024-06-27,"Vivamus metus arcu, adipiscing molestie, hendrerit at, vulputate vitae, nisl.",606052062
1154,7,2024-08-27,Suspendisse ornare consequat lectus.,156915148
2047,9,2024-08-03,Donec dapibus.,574254670
3092,0,2024-08-03,Pellentesque eget nunc.,195302582
4182,6,2024-07-06,Sed sagittis.,516160296
3277,7,2024-12-30,Nunc rhoncus dui vel sem.,54299705
7740,0,2025-02-04,Ut tellus.,765232039
825,0,2024-11-10,"Proin leo odio, porttitor id, consequat in, consequat ut, nulla.",965231383
4817,9,2024-12-19,Fusce consequat.,26155103
7332,9,2024-09-14,Maecenas tincidunt lacus at velit.,874046260
2296,1,2024-10-07,Suspendisse ornare consequat lectus.,716896113
6757,1,2024-10-04,Morbi a ipsum.,256609018
8061,7,2024-05-13,Morbi non lectus.,901579170
6776,4,2024-10-03,Quisque ut erat.,685352488
2663,8,2025-03-31,In hac habitasse platea dictumst.,694978163
8272,7,2024-04-28,Cras non velit nec nisi vulputate nonummy.,920935664
9249,1,2024-10-21,Aliquam erat volutpat.,350861918
7013,0,2025-03-29,Vestibulum ante ipsum primis in faucibus orci luctus et ultrices posuere cubilia Curae; Nulla dapibus dolor vel est.,171398184
2965,8,2024-09-09,"Lorem ipsum dolor sit amet, consectetuer adipiscing elit.",343620926
5509,3,2024-07-18,Suspendisse potenti.,422878137
6535,8,2024-05-14,Suspendisse ornare consequat lectus.,185540290
6399,0,2024-12-04,"Vivamus metus arcu, adipiscing molestie, hendrerit at, vulputate vitae, nisl.",167969511
22,4,2024-09-06,Nulla nisl.,48620798
3340,5,2025-03-22,"Cras mi pede, malesuada in, imperdiet et, commodo vulputate, justo.",444759011
6088,7,2024-04-29,Phasellus id sapien in sapien iaculis congue.,785225598
9008,2,2024-12-25,Nulla justo.,434893051
4155,2,2025-02-02,Maecenas tincidunt lacus at velit.,94234366
3897,7,2025-01-01,Etiam vel augue.,636316842
9770,9,2024-05-28,Integer a nibh.,621325640
5018,1,2025-03-06,Pellentesque at nulla.,751156484
186,8,2024-10-02,Quisque id justo sit amet sapien dignissim vestibulum.,244492446
1219,9,2024-05-21,Nulla mollis molestie lorem.,632413073
4425,8,2024-05-16,Morbi quis tortor id nulla ultrices aliquet.,697967921
6564,5,2025-02-06,Pellentesque eget nunc.,713710788
1150,9,2024-12-15,Aliquam non mauris.,785755053
5623,5,2025-01-18,Praesent blandit lacinia erat.,566079321
4986,7,2024-05-21,Aliquam erat volutpat.,404684769
8775,2,2024-09-12,Proin eu mi.,600965200
4575,3,2025-01-12,"Aliquam augue quam, sollicitudin vitae, consectetuer eget, rutrum at, lorem.",199363022
4932,3,2024-09-15,Duis ac nibh.,467663117
4321,0,2024-05-12,Suspendisse potenti.,230147754
4139,1,2024-12-29,"Aliquam augue quam, sollicitudin vitae, consectetuer eget, rutrum at, lorem.",287512577
6481,8,2025-02-27,Proin risus.,927268475
688,8,2025-02-09,Suspendisse potenti.,372705082
3896,8,2024-08-15,Duis consequat dui nec nisi volutpat eleifend.,123420585
5876,3,2024-04-16,Duis consequat dui nec nisi volutpat eleifend.,402758086
6710,0,2025-03-26,Etiam faucibus cursus urna.,143300106
7399,4,2024-11-08,Suspendisse potenti.,416395499
91,4,2024-10-06,Integer a nibh.,972404382
1649,9,2024-10-12,Etiam pretium iaculis justo.,319401336
2595,6,2024-09-17,"Mauris enim leo, rhoncus sed, vestibulum sit amet, cursus id, turpis.",290946720
3156,8,2024-05-05,Nulla mollis molestie lorem.,662865219
4745,5,2024-08-31,Nulla ac enim.,412718689
1249,4,2024-08-12,Nulla ut erat id mauris vulputate elementum.,37361188
4022,5,2024-08-21,"Proin leo odio, porttitor id, consequat in, consequat ut, nulla.",331819120
2841,1,2025-03-29,Sed ante.,290946795
2003,9,2024-04-07,"Vestibulum quam sapien, varius ut, blandit non, interdum in, ante.",480010168
3713,7,2024-04-10,Duis bibendum.,459548471
1156,5,2024-10-19,Sed accumsan felis.,455875703
6225,9,2025-02-15,Nunc rhoncus dui vel sem.,358099238
4424,0,2024-04-01,Maecenas tincidunt lacus at velit.,17018337
1130,4,2024-08-12,Proin interdum mauris non ligula pellentesque ultrices.,496354373
5241,7,2025-01-31,Donec semper sapien a libero.,188297826
7882,3,2024-05-31,"Cum sociis natoque penatibus et magnis dis parturient montes, nascetur ridiculus mus.",904379184
9481,6,2025-01-01,Morbi quis tortor id nulla ultrices aliquet.,456240081
3366,9,2024-06-24,Praesent lectus.,953839975
5968,0,2024-12-12,"Morbi odio odio, elementum eu, interdum eu, tincidunt in, leo.",511666381
406,8,2024-12-20,Curabitur gravida nisi at nibh.,301600685
7401,5,2024-07-20,In blandit ultrices enim.,87942991
7348,0,2025-01-26,In sagittis dui vel nisl.,646578617
9896,4,2024-10-20,Morbi quis tortor id nulla ultrices aliquet.,318487093
3498,2,2024-07-09,"Duis bibendum, felis sed interdum venenatis, turpis enim blandit mi, in porttitor pede justo eu massa.",746775539
8715,4,2025-03-08,In eleifend quam a odio.,171358844
7902,0,2024-11-24,Duis consequat dui nec nisi volutpat eleifend.,593574011
514,0,2024-06-27,Nam tristique tortor eu pede.,616593592
411,3,2024-06-03,Nullam molestie nibh in lectus.,946484887
787,5,2025-01-31,Phasellus in felis.,982625912
8808,7,2024-07-16,Cras pellentesque volutpat dui.,56665293
2,5,2024-12-15,Ut tellus.,213517251
9279,9,2024-07-03,"Maecenas leo odio, condimentum id, luctus nec, molestie sed, justo.",338786724
6819,2,2024-12-30,Proin interdum mauris non ligula pellentesque ultrices.,809210347
7680,6,2025-02-13,"Morbi odio odio, elementum eu, interdum eu, tincidunt in, leo.",925676193
2456,5,2024-04-05,Phasellus in felis.,447208065
3225,0,2025-03-30,Sed accumsan felis.,7686136
4292,1,2024-11-17,Proin risus.,98036342
9827,4,2025-01-08,"Integer pede justo, lacinia eget, tincidunt eget, tempus vel, pede.",385515402
3933,0,2024-11-22,Suspendisse potenti.,382329818
8497,0,2024-10-02,Quisque ut erat.,617906595
4694,7,2024-10-09,Aliquam quis turpis eget elit sodales scelerisque.,952435896
4090,6,2024-07-31,In eleifend quam a odio.,792028366
336,0,2024-04-04,Curabitur at ipsum ac tellus semper interdum.,23895917
1001,3,2024-09-07,Pellentesque ultrices mattis odio.,440226142
9467,3,2024-04-09,Aliquam erat volutpat.,368427208
8742,1,2025-03-02,"Lorem ipsum dolor sit amet, consectetuer adipiscing elit.",861578701
439,0,2024-10-14,Nulla justo.,296221487
116,7,2024-11-07,Vestibulum ac est lacinia nisi venenatis tristique.,139751444
5902,3,2025-01-09,Phasellus id sapien in sapien iaculis congue.,368408438
9494,7,2024-10-26,Nulla ac enim.,756151207
2161,7,2025-03-02,"Duis bibendum, felis sed interdum venenatis, turpis enim blandit mi, in porttitor pede justo eu massa.",224751380
5213,5,2024-12-17,Etiam pretium iaculis justo.,668452857
6212,2,2024-05-04,In blandit ultrices enim.,203039295
7524,5,2024-05-27,Proin eu mi.,988986801
7329,0,2024-05-05,In quis justo.,350616675
4905,8,2024-10-31,Pellentesque eget nunc.,577267540
326,7,2024-10-24,In hac habitasse platea dictumst.,737502366
1081,9,2024-06-20,"Vestibulum ante ipsum primis in faucibus orci luctus et ultrices posuere cubilia Curae; Donec pharetra, magna vestibulum aliquet ultrices, erat tortor sollicitudin mi, sit amet lobortis sapien sapien non mi.",28573558
2312,1,2024-11-08,Nulla ac enim.,26983827
536,4,2024-05-31,In quis justo.,70749408
7765,5,2025-02-02,Etiam justo.,768092641
8922,6,2025-02-11,Maecenas tincidunt lacus at velit.,382108020
8736,6,2024-09-30,Nulla nisl.,625780560
6649,5,2024-07-27,Duis at velit eu est congue elementum.,341524919
4146,6,2025-03-19,Integer ac leo.,637545231
9333,3,2025-02-17,Cras in purus eu magna vulputate luctus.,21660148
4058,7,2024-12-28,Nulla ac enim.,451341729
683,6,2024-04-09,Etiam vel augue.,571384079
5107,8,2024-11-18,Pellentesque ultrices mattis odio.,694001869
6748,7,2025-03-09,Morbi vel lectus in quam fringilla rhoncus.,980254797
5530,4,2024-04-21,Integer a nibh.,928730346
7930,9,2024-09-24,Integer a nibh.,472977893
8483,6,2025-02-16,Donec quis orci eget orci vehicula condimentum.,944751510
7281,0,2024-11-03,Quisque ut erat.,3763742
6341,1,2024-06-30,Aenean auctor gravida sem.,807985236
119,3,2024-09-14,Nam nulla.,501505443
3965,3,2024-12-12,Aenean auctor gravida sem.,484626494
18,9,2025-01-22,Vestibulum sed magna at nunc commodo placerat.,279819564
8034,2,2024-05-24,Vestibulum ante ipsum primis in faucibus orci luctus et ultrices posuere cubilia Curae; Nulla dapibus dolor vel est.,313415892
8945,4,2024-08-19,Morbi porttitor lorem id ligula.,957273541
7516,0,2024-04-10,Duis aliquam convallis nunc.,467672344
7783,8,2025-01-31,Phasellus sit amet erat.,484072438
2747,2,2024-05-19,"Donec odio justo, sollicitudin ut, suscipit a, feugiat et, eros.",541867807
6198,9,2025-01-06,Duis at velit eu est congue elementum.,869096141
6684,0,2025-02-14,Donec semper sapien a libero.,496895362
8469,3,2024-07-16,Sed accumsan felis.,417906497
6266,5,2024-08-29,Nunc rhoncus dui vel sem.,329223053
7282,1,2025-03-28,Nullam sit amet turpis elementum ligula vehicula consequat.,356429747
9629,7,2024-12-17,Maecenas tincidunt lacus at velit.,439508478
362,9,2025-01-25,Donec semper sapien a libero.,350868594
9845,3,2024-06-21,In hac habitasse platea dictumst.,262131637
6556,5,2024-12-20,Etiam pretium iaculis justo.,921916597
6831,8,2024-07-25,Curabitur convallis.,524871113
2447,5,2024-04-07,Pellentesque at nulla.,563825297
5268,7,2024-08-04,Proin risus.,274256285
488,1,2024-12-09,Aliquam non mauris.,853655844
5350,1,2024-11-14,Nulla facilisi.,53967452
9228,1,2024-12-22,Nam nulla.,739332274
5010,4,2025-03-18,"Cras mi pede, malesuada in, imperdiet et, commodo vulputate, justo.",399597461
5436,7,2024-11-09,Praesent id massa id nisl venenatis lacinia.,621838824
2749,0,2024-09-27,Vestibulum rutrum rutrum neque.,606545135
117,7,2024-11-06,"Nam congue, risus semper porta volutpat, quam pede lobortis ligula, sit amet eleifend pede libero quis orci.",297871222
95,3,2024-05-04,In congue.,385234463
6140,3,2024-07-17,Nulla mollis molestie lorem.,849719581
1274,7,2024-07-26,Aenean fermentum.,754181004
6538,9,2024-07-01,In blandit ultrices enim.,280557797
621,3,2025-03-25,Donec posuere metus vitae ipsum.,126942811
5920,2,2024-04-17,Aenean auctor gravida sem.,24242931
4824,0,2025-02-13,Etiam vel augue.,592056009
3552,9,2024-04-23,In hac habitasse platea dictumst.,538489805
3696,3,2024-12-09,Mauris lacinia sapien quis libero.,596924193
4050,9,2024-10-14,Morbi a ipsum.,346705867
8102,1,2024-08-27,Curabitur at ipsum ac tellus semper interdum.,488283789
1181,6,2024-06-25,Aenean auctor gravida sem.,544237912
1637,9,2025-03-31,Suspendisse potenti.,76811459
1434,9,2024-10-29,Sed accumsan felis.,641529673
1412,2,2024-09-19,Aenean fermentum.,338846126
6876,9,2025-02-06,Vestibulum ante ipsum primis in faucibus orci luctus et ultrices posuere cubilia Curae; Duis faucibus accumsan odio.,112039462
9073,8,2025-03-23,Proin interdum mauris non ligula pellentesque ultrices.,276345123
1826,0,2024-11-30,Donec semper sapien a libero.,565475827
7226,9,2025-01-30,Nunc nisl.,668229792
3511,7,2024-05-02,"Integer pede justo, lacinia eget, tincidunt eget, tempus vel, pede.",340974069
4075,6,2025-03-03,Maecenas pulvinar lobortis est.,839967846
9489,3,2025-02-08,Duis at velit eu est congue elementum.,150893023
2033,2,2024-10-18,Aenean fermentum.,460161457
9813,3,2024-06-25,"Maecenas tristique, est et tempus semper, est quam pharetra magna, ac consequat metus sapien ut nunc.",847779484
9414,3,2025-02-07,Cras pellentesque volutpat dui.,844926985
4147,4,2024-11-02,Pellentesque ultrices mattis odio.,70784574
5895,5,2025-02-04,Vivamus in felis eu sapien cursus vestibulum.,369298486
6569,1,2024-11-17,Maecenas ut massa quis augue luctus tincidunt.,789877912
5892,5,2025-01-04,In hac habitasse platea dictumst.,826476929
3176,4,2025-02-19,"Donec odio justo, sollicitudin ut, suscipit a, feugiat et, eros.",149987582
4802,7,2024-12-25,Donec ut mauris eget massa tempor convallis.,26494965
9422,4,2024-04-04,"Donec diam neque, vestibulum eget, vulputate ut, ultrices vel, augue.",648394045
6545,0,2025-03-29,Nunc nisl.,598286587
4238,6,2024-09-09,"Lorem ipsum dolor sit amet, consectetuer adipiscing elit.",82951144
6184,4,2024-08-26,Suspendisse potenti.,450800548
9111,2,2024-07-18,"Nam ultrices, libero non mattis pulvinar, nulla pede ullamcorper augue, a suscipit nulla elit ac nulla.",146652047
5640,1,2024-12-30,Maecenas ut massa quis augue luctus tincidunt.,433382631
6464,0,2024-05-27,Duis at velit eu est congue elementum.,923550226
5617,9,2024-05-29,"Morbi vestibulum, velit id pretium iaculis, diam erat fermentum justo, nec condimentum neque sapien placerat ante.",55976065
5744,4,2024-05-08,Aenean sit amet justo.,643783557
8673,5,2024-08-14,Quisque ut erat.,632445150
5197,7,2024-10-27,"Proin leo odio, porttitor id, consequat in, consequat ut, nulla.",152640854
4750,1,2024-06-04,Nunc rhoncus dui vel sem.,353031722
8248,8,2024-09-10,Proin risus.,277101326
3663,4,2024-12-19,Pellentesque eget nunc.,363722409
6494,9,2024-05-07,Sed vel enim sit amet nunc viverra dapibus.,359472284
9695,7,2024-12-29,"Morbi odio odio, elementum eu, interdum eu, tincidunt in, leo.",448758218
9604,1,2024-08-23,Ut at dolor quis odio consequat varius.,983587224
7861,2,2024-05-06,"Integer pede justo, lacinia eget, tincidunt eget, tempus vel, pede.",926312554
2371,9,2025-01-26,"Vestibulum quam sapien, varius ut, blandit non, interdum in, ante.",322958620
8297,5,2024-09-15,Integer non velit.,92040950
7988,3,2024-04-20,Maecenas ut massa quis augue luctus tincidunt.,462293132
5000,3,2024-08-20,Aenean sit amet justo.,109033073
2629,0,2025-03-27,Integer ac neque.,89682078
9246,4,2024-09-18,Proin interdum mauris non ligula pellentesque ultrices.,538821369
6283,0,2025-03-21,Nullam molestie nibh in lectus.,705419509
6854,7,2024-05-30,Pellentesque at nulla.,120987548
1433,3,2024-07-29,"Lorem ipsum dolor sit amet, consectetuer adipiscing elit.",238103428
4067,2,2024-12-11,Nunc rhoncus dui vel sem.,315953452
6990,7,2024-04-13,Integer ac neque.,549461632
9907,7,2025-02-24,Pellentesque viverra pede ac diam.,891518547
4443,5,2025-02-20,Morbi non quam nec dui luctus rutrum.,938312839
8703,8,2024-09-11,Vivamus in felis eu sapien cursus vestibulum.,110577995
624,6,2024-11-19,Nam dui.,222720859
8293,8,2025-01-26,"Vestibulum quam sapien, varius ut, blandit non, interdum in, ante.",202446719
4002,3,2024-12-09,Etiam pretium iaculis justo.,841439925
7979,4,2025-02-12,"Duis bibendum, felis sed interdum venenatis, turpis enim blandit mi, in porttitor pede justo eu massa.",168727363
5144,6,2025-02-06,Nullam molestie nibh in lectus.,841962508
5614,1,2025-03-27,Integer non velit.,306186320
3590,5,2025-02-25,Mauris ullamcorper purus sit amet nulla.,241306351
4943,5,2024-08-30,"Vivamus metus arcu, adipiscing molestie, hendrerit at, vulputate vitae, nisl.",227742424
9601,0,2024-07-15,Quisque ut erat.,279202598
2335,5,2024-07-23,Etiam faucibus cursus urna.,271173585
2030,4,2024-04-04,Duis at velit eu est congue elementum.,312003728
5028,5,2024-10-07,Integer ac neque.,513773381
3248,3,2024-07-07,Suspendisse potenti.,273516583
9639,2,2024-07-04,Aenean fermentum.,362948808
2698,8,2025-01-18,Donec semper sapien a libero.,813003712
5511,5,2024-11-03,Vestibulum ante ipsum primis in faucibus orci luctus et ultrices posuere cubilia Curae; Mauris viverra diam vitae quam.,691004020
4606,4,2024-04-22,"Quisque erat eros, viverra eget, congue eget, semper rutrum, nulla.",903936169
4435,1,2025-03-13,Nulla tempus.,490194186
2106,3,2024-11-02,Suspendisse potenti.,922887001
5280,1,2025-01-15,"Cum sociis natoque penatibus et magnis dis parturient montes, nascetur ridiculus mus.",637845753
5232,5,2024-07-01,Suspendisse accumsan tortor quis turpis.,686918536
3422,9,2024-08-31,Vivamus in felis eu sapien cursus vestibulum.,845279617
6973,5,2025-01-03,Donec ut mauris eget massa tempor convallis.,343398051
6418,4,2024-08-10,In eleifend quam a odio.,846599784
8656,5,2024-04-14,Vivamus vestibulum sagittis sapien.,234517206
9515,5,2024-08-09,Vestibulum ante ipsum primis in faucibus orci luctus et ultrices posuere cubilia Curae; Nulla dapibus dolor vel est.,303398093
1884,1,2024-11-26,"Fusce congue, diam id ornare imperdiet, sapien urna pretium nisl, ut volutpat sapien arcu sed augue.",749206807
6659,3,2024-11-21,Vivamus tortor.,31721616
5581,1,2024-10-05,In hac habitasse platea dictumst.,614357194
5065,7,2024-10-26,Aliquam sit amet diam in magna bibendum imperdiet.,851644679
6808,6,2024-06-26,Donec dapibus.,995161352
9998,1,2024-09-25,Maecenas rhoncus aliquam lacus.,479798700
7665,0,2024-09-23,"Morbi sem mauris, laoreet ut, rhoncus aliquet, pulvinar sed, nisl.",626435267
5841,4,2025-02-27,Pellentesque ultrices mattis odio.,722446401
6028,9,2024-08-03,Sed ante.,191966222
1280,8,2025-02-10,Integer ac neque.,499847200
1353,5,2024-06-18,"Lorem ipsum dolor sit amet, consectetuer adipiscing elit.",857574959
2152,3,2024-07-04,Etiam pretium iaculis justo.,232991620
6541,4,2024-06-23,Suspendisse ornare consequat lectus.,416305490
3160,9,2024-08-23,Nulla facilisi.,352986460
7175,7,2025-02-16,Nunc nisl.,38512072
8992,9,2024-07-03,Sed accumsan felis.,644122685
267,2,2025-02-12,Morbi quis tortor id nulla ultrices aliquet.,451233866
2818,8,2024-06-17,Cras in purus eu magna vulputate luctus.,107594100
7506,0,2024-07-14,Sed sagittis.,843091841
3147,4,2025-01-08,Nam tristique tortor eu pede.,705341188
7982,6,2025-01-15,Duis at velit eu est congue elementum.,27094584
5352,3,2025-03-10,"In tempor, turpis nec euismod scelerisque, quam turpis adipiscing lorem, vitae mattis nibh ligula nec sem.",36414780
7000,4,2025-03-15,Aliquam sit amet diam in magna bibendum imperdiet.,978069857
4291,4,2024-11-04,Quisque porta volutpat erat.,252646667
9627,9,2024-11-22,In congue.,115415547
4963,4,2024-09-01,Integer a nibh.,799689813
674,1,2024-07-24,Phasellus sit amet erat.,380987674
8338,1,2024-10-16,Maecenas tincidunt lacus at velit.,849121824
1213,9,2024-10-28,Sed sagittis.,77419571
9487,9,2024-04-04,"Aliquam augue quam, sollicitudin vitae, consectetuer eget, rutrum at, lorem.",163298902
9348,9,2024-04-01,"Morbi sem mauris, laoreet ut, rhoncus aliquet, pulvinar sed, nisl.",687801850
1338,3,2024-12-07,"In tempor, turpis nec euismod scelerisque, quam turpis adipiscing lorem, vitae mattis nibh ligula nec sem.",320198245
6379,7,2024-04-09,In hac habitasse platea dictumst.,987467075
1736,5,2025-03-18,Aenean auctor gravida sem.,708166873
8404,3,2024-06-19,Cras in purus eu magna vulputate luctus.,626373525
9424,3,2024-10-19,Suspendisse potenti.,837442849
5130,5,2024-05-29,Integer ac leo.,318493815
2946,2,2024-12-05,Nullam sit amet turpis elementum ligula vehicula consequat.,844286178
6691,5,2024-07-15,Donec ut mauris eget massa tempor convallis.,166402955
7901,2,2024-08-24,Mauris lacinia sapien quis libero.,730391092
4091,2,2024-12-07,Donec posuere metus vitae ipsum.,831199135
4773,8,2024-04-14,"Nulla neque libero, convallis eget, eleifend luctus, ultricies eu, nibh.",510114881
5847,2,2024-08-25,"Cum sociis natoque penatibus et magnis dis parturient montes, nascetur ridiculus mus.",411118462
8098,6,2024-12-30,Nulla tempus.,75394300
8245,0,2024-07-12,Morbi non lectus.,78343393
4872,5,2025-01-07,Nullam sit amet turpis elementum ligula vehicula consequat.,187542058
9943,9,2024-06-27,Mauris ullamcorper purus sit amet nulla.,424186094
8861,3,2025-01-26,Praesent blandit.,428502826
4346,9,2024-09-16,Etiam pretium iaculis justo.,749389022
8623,5,2024-04-05,Ut tellus.,921888477
7526,9,2024-06-18,Suspendisse potenti.,73862127
7822,7,2024-05-23,Pellentesque viverra pede ac diam.,619044600
6069,3,2025-01-08,Duis bibendum.,182009649
5455,1,2024-11-13,Curabitur in libero ut massa volutpat convallis.,678169562
6202,4,2024-12-20,Suspendisse accumsan tortor quis turpis.,828103097
8692,0,2024-12-30,Suspendisse ornare consequat lectus.,837396149
